Title,Price
"Tummy Trimmer/Waist Trimmer/Fitness Tummy Trimmer/Abs Tummy Trimmer, Tummy Trimmer Stomach and Weight Loss Equipment", 1200
Trimmer Facial Care, 1200
Botti Tc 6502 Trimmer, 1200
"VGR Hair Trimmer, Hair Trimmer and Clipper, Beard Trimmer VGR V-661 for Men,Boys,Gents (Assorted Color)", 1200
"Nikai Hair Clipper, Hair Trimmer, Beard Trimmer NIKAI Nk-1750  (Assorted Color)", 1200
VEET Sensitive Touch Electric Trimmer For Women, 1200
"Gemei/Geemy ( 3 In 1 Trimmer ) Hair Clipper, Shaver & Nose Hair Trimmer For Men, Geemy Hair Trimmer For Men's Personal Grooming(GM-595) ", 1200
"Geemy 3 In 1 Hair Clipper, Shaver & Nose Hair Trimmer, Three Functional Head Rechargeable Trimmer ", 1200
Tummy Trimmer/Waist Trimmer/Double Spring Tummy Trimmer/Fitness Tummy Trimmer/abs Tummy Trimmer, 1200
Double Spring Tummy Trimmer-Abs Exerciser-Waist Trimmer, 1200
Trimmer Facial Care, 1200
Baby Nail Trimmer, 1200
Strauss Double Spring Tummy Trimmer/Waist Trimmer Abs Exerciser Equipment, 1200
Body Trimmer Ab Exerciser, 1200
HTC HL-020 Ladies Trimmer, 1200
HTC AT-528 Hair Trimmer, 1200
Mi Beard Trimmer 1C, 1200
Hair And Beard Trimmer For New Hairstyle-Rechargeable Hair Trimmer-Professional Electric Hair Clipper Cordless, 1200
Gemei/Geemy GM-6008 Professional Hair Clipper Trimmer-Gemei/Geemy GM-6008 Hair & Beard Clipper Professional Hair Clipper Rechargeable Hair Trimmer-Barber Hair Trimmer, 1200
HTC AT-1207 Multi Hair Trimmer, 1200
"3 In 1 Facial Rechargeable Hair Remover,Eyebrow Trimmer,Painless Body Shaver Precision Trimmer For Full Body", 1200
Geemy GM-595 3-in-1 Trimmer, 1200
HTC AT-1201 Hair Trimmer 5-1, 1200
Baltra Gentle Rechargeable Hair Trimmer Bpc 830, 1200
Julong Waist Trimmer Belt Fat Reduce Belt, 1200
GM-6008 Geemy Rechargable Professional Hair Clipper/Trimmer, 1200
HTC AT-030 Hair Trimmer 4 in 1, 1200
Gemei Gm-6008 Professional Hair Clipper Trimmer - Rechargeable, 1200
Flawless Brows Perfect For Eyebrows-Eyebrow Trimmer Pen, 1200
Flawless Brows Perfect For Eyebrows-Eyebrow Trimmer Pen, 1200
Gemei/Geemy GM-6008 Hair & Beard Clipper Professional Hair Clipper Rechargeable Hair Trimmer-6008- Gemmy Gm- 6008 Barber Hair Trimmer, 1200
"Facial Rechargeable Hair Remover,Eyebrow Trimmer,Painless Body Shaver, Precision Trimmer For Full Body Kemei KM-4010, Professional Hair Removal System", 1200
"Gemei Double Battery Grooming Kit Gm 595 3 In 1 Nose Hair Trimmer, Beard Trimmer And Shaver Cordless, Charging ( Gm-595 )", 1200
Women Electric Shaver Legs Eyebrow Shaper Trimmer Hair Remover, 1200
Micro Touch Max Men's All In One Personal Trimmer, 1200
Nail Cutter Clipper Trimmer For Pets Dog 12Cm, 1200
